Resolution Steps,Issue ID,Category,Description,Severity,Suggested Action,completed,Steps Taken,Results,Review,Severity,ToDos,Completed
"Use a standard code formatter (e.g., Prettier, Black, gofmt) to automatically fix formatting issues. Configure your IDE to auto-format on save.",G-001,Formatting,Inconsistent code style or indentation,Low,Apply code formatter,FALSE,,,,Medium,,FALSE
Profile the code to identify bottlenecks. Review algorithms for better time/space complexity. Consider alternative data structures.,G-002,Performance,Inefficient algorithm or data structure usage,Medium,Optimize critical sections,FALSE,,,,Medium,,FALSE
Implement robust input validation and sanitization for all user-supplied data. Use parameterized queries for database interactions. Escape outputs for display in web applications.,G-003,Security,"Potential vulnerability (e.g., injection, XSS)",High,Review and sanitize inputs,FALSE,,,,High,,FALSE
"Write clear, concise comments for complex logic. Add docstrings/Javadocs for functions/methods and classes. Create high-level documentation for modules and systems.",G-004,Readability,Poorly documented or unclear code,Low,Add comments and documentation,FALSE,,,,Low,,FALSE
"Use a debugger to step through the code. Write unit tests to reproduce and fix the bug, including edge cases and boundary conditions.",G-005,Bug,Incorrect logic or unexpected behavior,High,Debug and test with edge cases,FALSE,,,,High,,FALSE
"Set up a linter (e.g., ESLint, Pylint, Checkstyle) with a defined style guide. Integrate it into your CI/CD pipeline to enforce standards.",G-006,Style,Deviation from coding standards,Low,Configure and run linter,FALSE,,,,Medium,,FALSE
Identify deprecated components. Consult documentation for migration paths. Update libraries to their latest stable versions. Refactor code using modern alternatives.,G-007,Deprecation,Use of outdated libraries or features,Medium,Update dependencies or refactor,FALSE,,,,Medium,,FALSE
"Break down large functions into smaller, single-responsibility units. Use dependency injection or inversion of control to reduce coupling between modules.",G-008,Maintainability,High cyclomatic complexity or tight coupling,Medium,Refactor and decouple,FALSE,,,,Medium,,FALSE
"Identify repeated code. Create shared functions, classes, or modules to encapsulate the common logic. Replace duplicated sections with calls to these new components.",G-009,Duplication,Redundant code blocks or logic,Medium,Extract reusable components,FALSE,,,,Medium,,FALSE
Implement appropriate try-catch/try-except blocks for potential error points. Log errors with sufficient detail. Provide user-friendly error messages when necessary.,G-010,Error Handling,Unhandled exceptions or inadequate error messages,High,Implement comprehensive error handling,FALSE,,,,High,,FALSE
"Use 'finally' blocks, 'with' statements (Python), or 'try-with-resources' (Java) to ensure resources are always closed. Implement explicit dispose methods where automatic cleanup is not available.",G-011,Resource Mgmt.,"Resource leaks (e.g., file handles, connections)",Medium,Ensure proper resource closure,FALSE,,,,Medium,,FALSE
"Analyze concurrent sections of code. Use locks, semaphores, mutexes, or atomic operations to protect shared resources and prevent race conditions. Implement deadlock detection and prevention strategies.",G-012,Concurrency,Potential race conditions or deadlocks,High,Apply synchronization mechanisms,FALSE,,,,High,,FALSE
"Implement a structured logging strategy. Use appropriate logging levels (DEBUG, INFO, WARN, ERROR) for different messages. Ensure sensitive information is not logged.",G-013,Logging,Insufficient or excessive logging,Low,Review and adjust logging levels,FALSE,,,,Low,,FALSE
Write unit tests for critical functions and components. Implement integration tests for system interactions. Utilize test coverage tools to identify untested code paths.,G-014,Testing,Low test coverage or lack of unit tests,Medium,Increase test coverage,FALSE,,,,Medium,,FALSE
"Move environment-specific settings (database connections, API endpoints, etc.) out of the codebase into external configuration files (e.g., JSON, YAML, `.env`) or a dedicated configuration service.",G-015,Configuration,Hardcoded values or lack of external configuration,Low,Externalize configurations,FALSE,,,,Low,,FALSE
Use memory profiling tools to identify memory leaks or areas of high memory consumption. Optimize data structures and algorithms to reduce memory footprint. Implement object pooling if appropriate.,G-016,Memory,Memory leaks or excessive memory consumption,Medium,Profile memory usage,FALSE,,,,Medium,,FALSE
"Regularly check for updates for all third-party libraries. Use vulnerability scanners (e.g., Dependabot, Snyk) to identify known vulnerabilities. Update or replace vulnerable dependencies.",G-017,Dependencies,Outdated or vulnerable third-party libraries,High,Update dependencies and scan,FALSE,,,,High,,FALSE
"Identify the cause of poor UX (e.g., slow API calls, blocking UI threads). Implement asynchronous operations, optimize rendering, and provide user feedback for long-running tasks.",G-018,UX/UI,"Poor user experience due to code (e.g., slow UI)",Medium,Optimize UI rendering/response,FALSE,,,,Medium,,FALSE